id_product;id_category;category_name
59;2;Начало
119;15;"Мъжки дънки и панталони"
119;2;Начало
162;17;"Къси панталони"
162;2;Начало
163;17;"Къси панталони"
163;2;Начало
165;17;"Къси панталони"
165;2;Начало
166;17;"Къси панталони"
166;2;Начало
188;22;"Мъжки блузи"
188;2;Начало
200;2;Начало
200;20;Суичери
242;10;"Мъжки тениски"
242;2;Начало
246;10;"Мъжки тениски"
246;2;Начало
249;10;"Мъжки тениски"
249;2;Начало
339;15;"Мъжки дънки и панталони"
339;2;Начало
341;15;"Мъжки дънки и панталони"
341;2;Начало
346;16;"Къси дънки"
346;2;Начало
368;10;"Мъжки тениски"
368;2;Начало
411;17;"Къси панталони"
411;15;"Мъжки дънки и панталони"
411;2;Начало
466;17;"Къси панталони"
466;15;"Мъжки дънки и панталони"
466;2;Начало
486;10;"Мъжки тениски"
486;2;Начало
486;33;НОВО
486;11;"Тениски с яка"
508;10;"Мъжки тениски"
508;2;Начало
508;11;"Тениски с яка"
581;22;"Мъжки блузи"
581;2;Начало
693;24;"Мъжки ризи"
693;2;Начало
791;24;"Мъжки ризи"
791;2;Начало
793;24;"Мъжки ризи"
793;2;Начало
815;17;"Къси панталони"
815;15;"Мъжки дънки и панталони"
815;2;Начало
831;12;"Мъжки якета"
831;2;Начало
831;33;НОВО
831;13;Пролетни
842;10;"Мъжки тениски"
842;2;Начало
842;11;"Тениски с яка"
883;10;"Мъжки тениски"
883;2;Начало
883;11;"Тениски с яка"
898;10;"Мъжки тениски"
898;2;Начало
898;11;"Тениски с яка"
923;17;"Къси панталони"
923;15;"Мъжки дънки и панталони"
923;2;Начало
924;17;"Къси панталони"
924;15;"Мъжки дънки и панталони"
924;2;Начало
942;17;"Къси панталони"
942;15;"Мъжки дънки и панталони"
942;2;Начало
1011;22;"Мъжки блузи"
1011;2;Начало
1020;15;"Мъжки дънки и панталони"
1020;2;Начало
1021;10;"Мъжки тениски"
1021;2;Начало
1029;22;"Мъжки блузи"
1029;2;Начало
1032;22;"Мъжки блузи"
1032;2;Начало
1034;22;"Мъжки блузи"
1034;2;Начало
1045;22;"Мъжки блузи"
1045;2;Начало
1048;22;"Мъжки блузи"
1048;2;Начало
1056;22;"Мъжки блузи"
1056;2;Начало
1056;23;Пуловери
1058;22;"Мъжки блузи"
1058;2;Начало
1058;23;Пуловери
1063;22;"Мъжки блузи"
1063;2;Начало
1063;23;Пуловери
1077;22;"Мъжки блузи"
1077;2;Начало
1081;22;"Мъжки блузи"
1081;2;Начало
1081;23;Пуловери
1117;10;"Мъжки тениски"
1117;2;Начало
1120;22;"Мъжки блузи"
1120;2;Начало
1125;10;"Мъжки тениски"
1125;2;Начало
1130;10;"Мъжки тениски"
1130;2;Начало
1144;10;"Мъжки тениски"
1144;2;Начало
1144;11;"Тениски с яка"
1153;10;"Мъжки тениски"
1153;2;Начало
1154;10;"Мъжки тениски"
1154;2;Начало
1169;10;"Мъжки тениски"
1169;2;Начало
1178;10;"Мъжки тениски"
1178;2;Начало
1207;10;"Мъжки тениски"
1207;2;Начало
1232;10;"Мъжки тениски"
1232;2;Начало
1232;11;"Тениски с яка"
1233;10;"Мъжки тениски"
1233;2;Начало
1233;11;"Тениски с яка"
1236;10;"Мъжки тениски"
1236;2;Начало
1236;11;"Тениски с яка"
1246;10;"Мъжки тениски"
1246;2;Начало
1246;11;"Тениски с яка"
1247;10;"Мъжки тениски"
1247;2;Начало
1247;33;НОВО
1247;11;"Тениски с яка"
1250;10;"Мъжки тениски"
1250;2;Начало
1274;10;"Мъжки тениски"
1274;2;Начало
1280;10;"Мъжки тениски"
1280;2;Начало
1280;11;"Тениски с яка"
1291;17;"Къси панталони"
1291;15;"Мъжки дънки и панталони"
1291;2;Начало
1293;10;"Мъжки тениски"
1293;2;Начало
1295;10;"Мъжки тениски"
1295;2;Начало
1297;10;"Мъжки тениски"
1297;2;Начало
1298;10;"Мъжки тениски"
1298;2;Начало
1298;33;НОВО
1299;10;"Мъжки тениски"
1299;2;Начало
1308;17;"Къси панталони"
1308;15;"Мъжки дънки и панталони"
1308;2;Начало
1313;10;"Мъжки тениски"
1313;2;Начало
1318;39;Бански
1318;2;Начало
1322;10;"Мъжки тениски"
1322;2;Начало
1335;10;"Мъжки тениски"
1335;2;Начало
1352;10;"Мъжки тениски"
1352;2;Начало
1357;17;"Къси панталони"
1357;15;"Мъжки дънки и панталони"
1357;2;Начало
1370;10;"Мъжки тениски"
1370;2;Начало
1383;39;Бански
1383;2;Начало
1394;39;Бански
1394;2;Начало
1402;39;Бански
1402;2;Начало
1409;10;"Мъжки тениски"
1409;2;Начало
1414;10;"Мъжки тениски"
1414;2;Начало
1420;10;"Мъжки тениски"
1420;2;Начало
1433;39;Бански
1433;2;Начало
1445;10;"Мъжки тениски"
1445;2;Начало
1446;10;"Мъжки тениски"
1446;2;Начало
1462;39;Бански
1462;2;Начало
1465;39;Бански
1465;2;Начало
1482;22;"Мъжки блузи"
1482;2;Начало
1483;22;"Мъжки блузи"
1483;2;Начало
1485;22;"Мъжки блузи"
1485;2;Начало
1486;22;"Мъжки блузи"
1486;2;Начало
1487;22;"Мъжки блузи"
1487;2;Начало
1491;22;"Мъжки блузи"
1491;2;Начало
1494;22;"Мъжки блузи"
1494;2;Начало
1495;22;"Мъжки блузи"
1495;2;Начало
1496;22;"Мъжки блузи"
1496;2;Начало
1497;22;"Мъжки блузи"
1497;2;Начало
1497;40;Худи
1498;22;"Мъжки блузи"
1498;2;Начало
1512;12;"Мъжки якета"
1512;2;Начало
1512;33;НОВО
1512;13;Пролетни
1513;22;"Мъжки блузи"
1513;2;Начало
1516;22;"Мъжки блузи"
1516;2;Начало
1524;22;"Мъжки блузи"
1524;2;Начало
1532;12;"Мъжки якета"
1532;2;Начало
1532;33;НОВО
1532;13;Пролетни
1535;10;"Мъжки тениски"
1535;2;Начало
1539;22;"Мъжки блузи"
1539;2;Начало
1540;22;"Мъжки блузи"
1540;2;Начало
1543;22;"Мъжки блузи"
1543;2;Начало
1544;22;"Мъжки блузи"
1544;2;Начало
1545;22;"Мъжки блузи"
1545;2;Начало
1546;22;"Мъжки блузи"
1546;2;Начало
1546;40;Худи
1547;22;"Мъжки блузи"
1547;2;Начало
1547;40;Худи
1553;10;"Мъжки тениски"
1553;2;Начало
1574;22;"Мъжки блузи"
1574;2;Начало
1579;22;"Мъжки блузи"
1579;2;Начало
1579;23;Пуловери
1580;22;"Мъжки блузи"
1580;2;Начало
1580;23;Пуловери
1583;22;"Мъжки блузи"
1583;2;Начало
1583;40;Худи
1586;10;"Мъжки тениски"
1586;2;Начало
1587;10;"Мъжки тениски"
1587;2;Начало
1592;22;"Мъжки блузи"
1592;2;Начало
1592;23;Пуловери
1600;22;"Мъжки блузи"
1600;2;Начало
1600;23;Пуловери
1604;10;"Мъжки тениски"
1604;2;Начало
1606;21;Долнище
1606;18;"Мъжки екипи"
1606;2;Начало
1607;22;"Мъжки блузи"
1607;2;Начало
1607;23;Пуловери
1612;22;"Мъжки блузи"
1612;2;Начало
1612;23;Пуловери
1614;10;"Мъжки тениски"
1614;2;Начало
1615;10;"Мъжки тениски"
1615;2;Начало
1617;10;"Мъжки тениски"
1617;2;Начало
1618;10;"Мъжки тениски"
1618;2;Начало
1620;10;"Мъжки тениски"
1620;2;Начало
1621;10;"Мъжки тениски"
1621;2;Начало
1626;10;"Мъжки тениски"
1626;2;Начало
1628;10;"Мъжки тениски"
1628;2;Начало
1632;10;"Мъжки тениски"
1632;2;Начало
1639;10;"Мъжки тениски"
1639;2;Начало
1642;10;"Мъжки тениски"
1642;2;Начало
1649;10;"Мъжки тениски"
1649;2;Начало
1652;10;"Мъжки тениски"
1652;2;Начало
1653;10;"Мъжки тениски"
1653;2;Начало
1655;10;"Мъжки тениски"
1655;2;Начало
1662;10;"Мъжки тениски"
1662;2;Начало
1664;10;"Мъжки тениски"
1664;2;Начало
1666;10;"Мъжки тениски"
1666;2;Начало
1674;10;"Мъжки тениски"
1674;2;Начало
1675;10;"Мъжки тениски"
1675;2;Начало
1677;10;"Мъжки тениски"
1677;2;Начало
1681;10;"Мъжки тениски"
1681;2;Начало
1682;10;"Мъжки тениски"
1682;2;Начало
1685;10;"Мъжки тениски"
1685;2;Начало
1690;10;"Мъжки тениски"
1690;2;Начало
1690;33;НОВО
1690;11;"Тениски с яка"
1692;10;"Мъжки тениски"
1692;2;Начало
1692;33;НОВО
1692;11;"Тениски с яка"
1695;10;"Мъжки тениски"
1695;2;Начало
1695;11;"Тениски с яка"
1697;10;"Мъжки тениски"
1697;2;Начало
1702;10;"Мъжки тениски"
1702;2;Начало
1709;10;"Мъжки тениски"
1709;2;Начало
1711;10;"Мъжки тениски"
1711;2;Начало
1711;11;"Тениски с яка"
1712;10;"Мъжки тениски"
1712;2;Начало
1712;11;"Тениски с яка"
1713;10;"Мъжки тениски"
1713;2;Начало
1713;11;"Тениски с яка"
1715;10;"Мъжки тениски"
1715;2;Начало
1720;10;"Мъжки тениски"
1720;2;Начало
1721;10;"Мъжки тениски"
1721;2;Начало
1721;11;"Тениски с яка"
1722;10;"Мъжки тениски"
1722;2;Начало
1722;11;"Тениски с яка"
1727;10;"Мъжки тениски"
1727;2;Начало
1728;10;"Мъжки тениски"
1728;2;Начало
1728;33;НОВО
1729;10;"Мъжки тениски"
1729;2;Начало
1732;10;"Мъжки тениски"
1732;2;Начало
1733;10;"Мъжки тениски"
1733;2;Начало
1734;10;"Мъжки тениски"
1734;2;Начало
1735;24;"Мъжки ризи"
1735;2;Начало
1738;10;"Мъжки тениски"
1738;2;Начало
1743;10;"Мъжки тениски"
1743;2;Начало
1744;10;"Мъжки тениски"
1744;2;Начало
1752;10;"Мъжки тениски"
1752;2;Начало
1753;10;"Мъжки тениски"
1753;2;Начало
1754;10;"Мъжки тениски"
1754;2;Начало
1756;10;"Мъжки тениски"
1756;2;Начало
1759;10;"Мъжки тениски"
1759;2;Начало
1761;17;"Къси панталони"
1761;15;"Мъжки дънки и панталони"
1761;2;Начало
1764;10;"Мъжки тениски"
1764;2;Начало
1765;10;"Мъжки тениски"
1765;2;Начало
1768;17;"Къси панталони"
1768;15;"Мъжки дънки и панталони"
1768;2;Начало
1769;39;Бански
1769;2;Начало
1770;39;Бански
1770;2;Начало
1771;39;Бански
1771;2;Начало
1772;39;Бански
1772;2;Начало
1774;39;Бански
1774;2;Начало
1775;39;Бански
1775;2;Начало
1776;39;Бански
1776;2;Начало
1777;39;Бански
1777;2;Начало
1780;17;"Къси панталони"
1780;15;"Мъжки дънки и панталони"
1780;2;Начало
1782;17;"Къси панталони"
1782;15;"Мъжки дънки и панталони"
1782;2;Начало
1783;16;"Къси дънки"
1783;15;"Мъжки дънки и панталони"
1783;2;Начало
1784;10;"Мъжки тениски"
1784;2;Начало
1792;10;"Мъжки тениски"
1792;2;Начало
1793;17;"Къси панталони"
1793;15;"Мъжки дънки и панталони"
1793;2;Начало
1794;10;"Мъжки тениски"
1794;2;Начало
1804;39;Бански
1804;2;Начало
1806;39;Бански
1806;2;Начало
1807;39;Бански
1807;2;Начало
1810;10;"Мъжки тениски"
1810;2;Начало
1813;10;"Мъжки тениски"
1813;2;Начало
1813;11;"Тениски с яка"
1814;10;"Мъжки тениски"
1814;2;Начало
1814;11;"Тениски с яка"
1816;39;Бански
1816;2;Начало
1817;39;Бански
1817;2;Начало
1818;10;"Мъжки тениски"
1818;2;Начало
1818;11;"Тениски с яка"
1823;10;"Мъжки тениски"
1823;2;Начало
1825;10;"Мъжки тениски"
1825;2;Начало
1830;10;"Мъжки тениски"
1830;2;Начало
1831;39;Бански
1831;2;Начало
1834;39;Бански
1834;2;Начало
1835;10;"Мъжки тениски"
1835;2;Начало
1836;10;"Мъжки тениски"
1836;2;Начало
1838;39;Бански
1838;2;Начало
1841;10;"Мъжки тениски"
1841;2;Начало
1843;10;"Мъжки тениски"
1843;2;Начало
1845;10;"Мъжки тениски"
1845;2;Начало
1848;10;"Мъжки тениски"
1848;2;Начало
1850;10;"Мъжки тениски"
1850;2;Начало
1852;10;"Мъжки тениски"
1852;2;Начало
1852;11;"Тениски с яка"
1854;17;"Къси панталони"
1854;15;"Мъжки дънки и панталони"
1854;2;Начало
1856;17;"Къси панталони"
1856;15;"Мъжки дънки и панталони"
1856;2;Начало
1857;10;"Мъжки тениски"
1857;2;Начало
1858;17;"Къси панталони"
1858;15;"Мъжки дънки и панталони"
1858;2;Начало
1860;17;"Къси панталони"
1860;15;"Мъжки дънки и панталони"
1860;2;Начало
1862;10;"Мъжки тениски"
1862;2;Начало
1862;11;"Тениски с яка"
1864;10;"Мъжки тениски"
1864;2;Начало
1866;10;"Мъжки тениски"
1866;2;Начало
1866;11;"Тениски с яка"
1867;10;"Мъжки тениски"
1867;2;Начало
1867;11;"Тениски с яка"
1868;10;"Мъжки тениски"
1868;2;Начало
1868;11;"Тениски с яка"
1869;39;Бански
1869;2;Начало
1870;39;Бански
1870;2;Начало
1872;39;Бански
1872;2;Начало
1873;39;Бански
1873;2;Начало
1874;39;Бански
1874;2;Начало
1875;39;Бански
1875;2;Начало
1876;39;Бански
1876;2;Начало
1877;39;Бански
1877;2;Начало
1878;39;Бански
1878;2;Начало
1879;10;"Мъжки тениски"
1879;2;Начало
1880;10;"Мъжки тениски"
1880;2;Начало
1881;10;"Мъжки тениски"
1881;2;Начало
1882;10;"Мъжки тениски"
1882;2;Начало
1883;10;"Мъжки тениски"
1883;2;Начало
1884;10;"Мъжки тениски"
1884;2;Начало
1885;10;"Мъжки тениски"
1885;2;Начало
1886;10;"Мъжки тениски"
1886;2;Начало
1887;10;"Мъжки тениски"
1887;2;Начало
1888;10;"Мъжки тениски"
1888;2;Начало
1889;10;"Мъжки тениски"
1889;2;Начало
1891;10;"Мъжки тениски"
1891;2;Начало
1892;10;"Мъжки тениски"
1892;2;Начало
1893;10;"Мъжки тениски"
1893;2;Начало
1893;11;"Тениски с яка"
1894;10;"Мъжки тениски"
1894;2;Начало
1894;11;"Тениски с яка"
1895;10;"Мъжки тениски"
1895;2;Начало
1896;10;"Мъжки тениски"
1896;2;Начало
1897;10;"Мъжки тениски"
1897;2;Начало
1898;10;"Мъжки тениски"
1898;2;Начало
1899;10;"Мъжки тениски"
1899;2;Начало
1900;10;"Мъжки тениски"
1900;2;Начало
1901;10;"Мъжки тениски"
1901;2;Начало
1902;10;"Мъжки тениски"
1902;2;Начало
1903;10;"Мъжки тениски"
1903;2;Начало
1904;10;"Мъжки тениски"
1904;2;Начало
1907;10;"Мъжки тениски"
1907;2;Начало
1908;10;"Мъжки тениски"
1908;2;Начало
1910;12;"Мъжки якета"
1910;2;Начало
1910;13;Пролетни
1912;12;"Мъжки якета"
1912;2;Начало
1912;13;Пролетни
1913;12;"Мъжки якета"
1913;2;Начало
1913;13;Пролетни
1914;12;"Мъжки якета"
1914;2;Начало
1914;13;Пролетни
1915;22;"Мъжки блузи"
1915;2;Начало
1916;22;"Мъжки блузи"
1916;2;Начало
1917;22;"Мъжки блузи"
1917;2;Начало
1918;22;"Мъжки блузи"
1918;2;Начало
1919;22;"Мъжки блузи"
1919;2;Начало
1920;22;"Мъжки блузи"
1920;2;Начало
1921;22;"Мъжки блузи"
1921;2;Начало
1922;22;"Мъжки блузи"
1922;2;Начало
1923;22;"Мъжки блузи"
1923;2;Начало
1924;22;"Мъжки блузи"
1924;2;Начало
1925;22;"Мъжки блузи"
1925;2;Начало
1926;22;"Мъжки блузи"
1926;2;Начало
1928;22;"Мъжки блузи"
1928;2;Начало
1929;22;"Мъжки блузи"
1929;2;Начало
1929;40;Худи
1930;22;"Мъжки блузи"
1930;2;Начало
1931;22;"Мъжки блузи"
1931;2;Начало
1932;22;"Мъжки блузи"
1932;2;Начало
1933;12;"Мъжки якета"
1933;2;Начало
1933;13;Пролетни
1934;22;"Мъжки блузи"
1934;2;Начало
1935;22;"Мъжки блузи"
1935;2;Начало
1936;22;"Мъжки блузи"
1936;2;Начало
1937;22;"Мъжки блузи"
1937;2;Начало
1938;22;"Мъжки блузи"
1938;2;Начало
1939;22;"Мъжки блузи"
1939;2;Начало
1940;22;"Мъжки блузи"
1940;2;Начало
1949;14;Есенно-зимни
1949;12;"Мъжки якета"
1949;2;Начало
1950;14;Есенно-зимни
1950;12;"Мъжки якета"
1950;2;Начало
1951;14;Есенно-зимни
1951;12;"Мъжки якета"
1951;2;Начало
1952;14;Есенно-зимни
1952;12;"Мъжки якета"
1952;2;Начало
1953;14;Есенно-зимни
1953;12;"Мъжки якета"
1953;2;Начало
1954;14;Есенно-зимни
1954;12;"Мъжки якета"
1954;2;Начало
1955;14;Есенно-зимни
1955;12;"Мъжки якета"
1955;2;Начало
1956;14;Есенно-зимни
1956;12;"Мъжки якета"
1956;2;Начало
1956;33;НОВО
1957;14;Есенно-зимни
1957;12;"Мъжки якета"
1957;2;Начало
1958;14;Есенно-зимни
1958;12;"Мъжки якета"
1958;2;Начало
1959;14;Есенно-зимни
1959;12;"Мъжки якета"
1959;2;Начало
1959;33;НОВО
1960;14;Есенно-зимни
1960;12;"Мъжки якета"
1960;2;Начало
1961;14;Есенно-зимни
1961;12;"Мъжки якета"
1961;2;Начало
1962;14;Есенно-зимни
1962;12;"Мъжки якета"
1962;2;Начало
1963;22;"Мъжки блузи"
1963;18;"Мъжки екипи"
1963;2;Начало
1963;40;Худи
1964;22;"Мъжки блузи"
1964;18;"Мъжки екипи"
1964;2;Начало
1964;40;Худи
1965;22;"Мъжки блузи"
1965;18;"Мъжки екипи"
1965;2;Начало
1965;40;Худи
1966;22;"Мъжки блузи"
1966;18;"Мъжки екипи"
1966;2;Начало
1966;40;Худи
1967;19;Екипи
1967;18;"Мъжки екипи"
1967;2;Начало
1968;19;Екипи
1968;18;"Мъжки екипи"
1968;2;Начало
1969;19;Екипи
1969;18;"Мъжки екипи"
1969;2;Начало
1970;14;Есенно-зимни
1970;12;"Мъжки якета"
1970;2;Начало
1971;14;Есенно-зимни
1971;12;"Мъжки якета"
1971;2;Начало
1971;33;НОВО
1972;14;Есенно-зимни
1972;12;"Мъжки якета"
1972;2;Начало
1972;33;НОВО
1973;14;Есенно-зимни
1973;12;"Мъжки якета"
1973;2;Начало
1974;14;Есенно-зимни
1974;12;"Мъжки якета"
1974;2;Начало
1975;21;Долнище
1975;15;"Мъжки дънки и панталони"
1975;18;"Мъжки екипи"
1975;2;Начало
1976;21;Долнище
1976;15;"Мъжки дънки и панталони"
1976;18;"Мъжки екипи"
1976;2;Начало
1977;21;Долнище
1977;15;"Мъжки дънки и панталони"
1977;18;"Мъжки екипи"
1977;2;Начало
1978;21;Долнище
1978;15;"Мъжки дънки и панталони"
1978;18;"Мъжки екипи"
1978;2;Начало
1980;21;Долнище
1980;15;"Мъжки дънки и панталони"
1980;18;"Мъжки екипи"
1980;2;Начало
1982;22;"Мъжки блузи"
1982;18;"Мъжки екипи"
1982;2;Начало
1982;40;Худи
1983;22;"Мъжки блузи"
1983;18;"Мъжки екипи"
1983;2;Начало
1983;40;Худи
1984;22;"Мъжки блузи"
1984;18;"Мъжки екипи"
1984;2;Начало
1984;40;Худи
1985;22;"Мъжки блузи"
1985;18;"Мъжки екипи"
1985;2;Начало
1985;40;Худи
1986;19;Екипи
1986;18;"Мъжки екипи"
1986;2;Начало
1987;14;Есенно-зимни
1987;12;"Мъжки якета"
1987;2;Начало
1987;33;НОВО
1988;14;Есенно-зимни
1988;12;"Мъжки якета"
1988;2;Начало
1989;14;Есенно-зимни
1989;12;"Мъжки якета"
1989;2;Начало
1990;21;Долнище
1990;15;"Мъжки дънки и панталони"
1990;18;"Мъжки екипи"
1990;2;Начало
1991;21;Долнище
1991;15;"Мъжки дънки и панталони"
1991;18;"Мъжки екипи"
1991;2;Начало
1992;21;Долнище
1992;15;"Мъжки дънки и панталони"
1992;18;"Мъжки екипи"
1992;2;Начало
1993;21;Долнище
1993;15;"Мъжки дънки и панталони"
1993;18;"Мъжки екипи"
1993;2;Начало
1994;14;Есенно-зимни
1994;12;"Мъжки якета"
1994;2;Начало
1995;22;"Мъжки блузи"
1995;18;"Мъжки екипи"
1995;2;Начало
1995;40;Худи
1996;22;"Мъжки блузи"
1996;18;"Мъжки екипи"
1996;2;Начало
1996;40;Худи
1997;22;"Мъжки блузи"
1997;18;"Мъжки екипи"
1997;2;Начало
1997;40;Худи
1998;22;"Мъжки блузи"
1998;18;"Мъжки екипи"
1998;2;Начало
1998;40;Худи
1999;22;"Мъжки блузи"
1999;18;"Мъжки екипи"
1999;2;Начало
1999;40;Худи
2000;21;Долнище
2000;15;"Мъжки дънки и панталони"
2000;18;"Мъжки екипи"
2000;2;Начало
2002;22;"Мъжки блузи"
2002;2;Начало
2003;22;"Мъжки блузи"
2003;2;Начало
2004;22;"Мъжки блузи"
2004;2;Начало
2005;22;"Мъжки блузи"
2005;18;"Мъжки екипи"
2005;2;Начало
2005;40;Худи
2006;22;"Мъжки блузи"
2006;18;"Мъжки екипи"
2006;2;Начало
2006;40;Худи
2007;22;"Мъжки блузи"
2007;2;Начало
2007;23;Пуловери
2008;22;"Мъжки блузи"
2008;2;Начало
2008;23;Пуловери
2009;22;"Мъжки блузи"
2009;2;Начало
2009;23;Пуловери
2010;22;"Мъжки блузи"
2010;2;Начало
2010;23;Пуловери
2011;22;"Мъжки блузи"
2011;2;Начало
2011;23;Пуловери
2012;22;"Мъжки блузи"
2012;2;Начало
2012;23;Пуловери
2013;22;"Мъжки блузи"
2013;2;Начало
2013;23;Пуловери
2014;22;"Мъжки блузи"
2014;2;Начало
2014;23;Пуловери
2015;22;"Мъжки блузи"
2015;2;Начало
2015;23;Пуловери
2017;22;"Мъжки блузи"
2017;18;"Мъжки екипи"
2017;2;Начало
2017;40;Худи
2018;22;"Мъжки блузи"
2018;2;Начало
2019;14;Есенно-зимни
2019;12;"Мъжки якета"
2019;2;Начало
2020;14;Есенно-зимни
2020;12;"Мъжки якета"
2020;2;Начало
2020;33;НОВО
2021;14;Есенно-зимни
2021;12;"Мъжки якета"
2021;2;Начало
2022;14;Есенно-зимни
2022;12;"Мъжки якета"
2022;2;Начало
2023;14;Есенно-зимни
2023;12;"Мъжки якета"
2023;2;Начало
2024;14;Есенно-зимни
2024;12;"Мъжки якета"
2024;2;Начало
2025;14;Есенно-зимни
2025;12;"Мъжки якета"
2025;2;Начало
2027;14;Есенно-зимни
2027;12;"Мъжки якета"
2027;2;Начало
2028;22;"Мъжки блузи"
2028;2;Начало
2028;40;Худи
2029;14;Есенно-зимни
2029;12;"Мъжки якета"
2029;2;Начало
2030;14;Есенно-зимни
2030;12;"Мъжки якета"
2030;2;Начало
2031;14;Есенно-зимни
2031;12;"Мъжки якета"
2031;2;Начало
2031;33;НОВО
2032;14;Есенно-зимни
2032;12;"Мъжки якета"
2032;2;Начало
2033;14;Есенно-зимни
2033;12;"Мъжки якета"
2033;2;Начало
2034;14;Есенно-зимни
2034;12;"Мъжки якета"
2034;2;Начало
2035;14;Есенно-зимни
2035;12;"Мъжки якета"
2035;2;Начало
2036;14;Есенно-зимни
2036;12;"Мъжки якета"
2036;2;Начало
2037;14;Есенно-зимни
2037;12;"Мъжки якета"
2037;2;Начало
2038;14;Есенно-зимни
2038;12;"Мъжки якета"
2038;2;Начало
2039;14;Есенно-зимни
2039;12;"Мъжки якета"
2039;2;Начало
2040;14;Есенно-зимни
2040;12;"Мъжки якета"
2040;2;Начало
2042;14;Есенно-зимни
2042;12;"Мъжки якета"
2042;2;Начало
2042;33;НОВО
2043;14;Есенно-зимни
2043;12;"Мъжки якета"
2043;2;Начало
2044;14;Есенно-зимни
2044;12;"Мъжки якета"
2044;2;Начало
2044;33;НОВО
2045;14;Есенно-зимни
2045;12;"Мъжки якета"
2045;2;Начало
2046;14;Есенно-зимни
2046;12;"Мъжки якета"
2046;2;Начало
2047;14;Есенно-зимни
2047;12;"Мъжки якета"
2047;2;Начало
2048;14;Есенно-зимни
2048;12;"Мъжки якета"
2048;2;Начало
2049;14;Есенно-зимни
2049;12;"Мъжки якета"
2049;2;Начало
2050;14;Есенно-зимни
2050;12;"Мъжки якета"
2050;2;Начало
2051;14;Есенно-зимни
2051;12;"Мъжки якета"
2051;2;Начало
2052;14;Есенно-зимни
2052;12;"Мъжки якета"
2052;2;Начало
2052;33;НОВО
2053;14;Есенно-зимни
2053;12;"Мъжки якета"
2053;2;Начало
2053;33;НОВО
2054;14;Есенно-зимни
2054;12;"Мъжки якета"
2054;2;Начало
2054;33;НОВО
2056;21;Долнище
2056;15;"Мъжки дънки и панталони"
2056;18;"Мъжки екипи"
2056;2;Начало
2056;33;НОВО
2057;21;Долнище
2057;15;"Мъжки дънки и панталони"
2057;18;"Мъжки екипи"
2057;2;Начало
2057;33;НОВО
2058;14;Есенно-зимни
2058;12;"Мъжки якета"
2058;2;Начало
2059;21;Долнище
2059;15;"Мъжки дънки и панталони"
2059;18;"Мъжки екипи"
2059;2;Начало
2059;33;НОВО
2060;19;Екипи
2060;18;"Мъжки екипи"
2060;2;Начало
2061;19;Екипи
2061;18;"Мъжки екипи"
2061;2;Начало
2062;22;"Мъжки блузи"
2062;18;"Мъжки екипи"
2062;2;Начало
2062;20;Суичери
2063;22;"Мъжки блузи"
2063;18;"Мъжки екипи"
2063;2;Начало
2063;20;Суичери
2064;19;Екипи
2064;18;"Мъжки екипи"
2064;2;Начало
2065;19;Екипи
2065;18;"Мъжки екипи"
2065;2;Начало
2066;19;Екипи
2066;18;"Мъжки екипи"
2066;2;Начало
2068;19;Екипи
2068;18;"Мъжки екипи"
2068;2;Начало
2069;19;Екипи
2069;18;"Мъжки екипи"
2069;2;Начало
2070;22;"Мъжки блузи"
2070;2;Начало
2070;23;Пуловери
2071;22;"Мъжки блузи"
2071;2;Начало
2071;23;Пуловери
2073;22;"Мъжки блузи"
2073;2;Начало
2073;23;Пуловери
2074;22;"Мъжки блузи"
2074;2;Начало
2074;23;Пуловери
2075;22;"Мъжки блузи"
2075;2;Начало
2075;23;Пуловери
2076;22;"Мъжки блузи"
2076;2;Начало
2076;23;Пуловери
2077;22;"Мъжки блузи"
2077;2;Начало
2077;23;Пуловери
2078;22;"Мъжки блузи"
2078;2;Начало
2078;23;Пуловери
2079;22;"Мъжки блузи"
2079;2;Начало
2079;23;Пуловери
2080;22;"Мъжки блузи"
2080;2;Начало
2080;23;Пуловери
2081;22;"Мъжки блузи"
2081;2;Начало
2081;23;Пуловери
2082;22;"Мъжки блузи"
2082;2;Начало
2082;23;Пуловери
2083;22;"Мъжки блузи"
2083;2;Начало
2083;23;Пуловери
2084;22;"Мъжки блузи"
2084;2;Начало
2084;23;Пуловери
2085;22;"Мъжки блузи"
2085;2;Начало
2085;23;Пуловери
2086;22;"Мъжки блузи"
2086;2;Начало
2087;22;"Мъжки блузи"
2087;2;Начало
2088;10;"Мъжки тениски"
2088;2;Начало
2089;10;"Мъжки тениски"
2089;2;Начало
2090;10;"Мъжки тениски"
2090;2;Начало
2091;10;"Мъжки тениски"
2091;2;Начало
2092;10;"Мъжки тениски"
2092;2;Начало
2093;10;"Мъжки тениски"
2093;2;Начало
2094;10;"Мъжки тениски"
2094;2;Начало
2095;10;"Мъжки тениски"
2095;2;Начало
2096;10;"Мъжки тениски"
2096;2;Начало
2097;10;"Мъжки тениски"
2097;2;Начало
2098;10;"Мъжки тениски"
2098;2;Начало
2099;10;"Мъжки тениски"
2099;2;Начало
2100;10;"Мъжки тениски"
2100;2;Начало
2101;10;"Мъжки тениски"
2101;2;Начало
2102;10;"Мъжки тениски"
2102;2;Начало
2103;10;"Мъжки тениски"
2103;2;Начало
2104;10;"Мъжки тениски"
2104;2;Начало
2105;10;"Мъжки тениски"
2105;2;Начало
2106;10;"Мъжки тениски"
2106;2;Начало
2106;33;НОВО
2107;10;"Мъжки тениски"
2107;2;Начало
2108;10;"Мъжки тениски"
2108;2;Начало
2109;10;"Мъжки тениски"
2109;2;Начало
2110;10;"Мъжки тениски"
2110;2;Начало
2111;10;"Мъжки тениски"
2111;2;Начало
2112;10;"Мъжки тениски"
2112;2;Начало
2113;10;"Мъжки тениски"
2113;2;Начало
2114;10;"Мъжки тениски"
2114;2;Начало
2115;10;"Мъжки тениски"
2115;2;Начало
2116;10;"Мъжки тениски"
2116;2;Начало
2117;10;"Мъжки тениски"
2117;2;Начало
2118;10;"Мъжки тениски"
2118;2;Начало
2119;10;"Мъжки тениски"
2119;2;Начало
2120;10;"Мъжки тениски"
2120;2;Начало
2121;10;"Мъжки тениски"
2121;2;Начало
2122;10;"Мъжки тениски"
2122;2;Начало
2123;10;"Мъжки тениски"
2123;2;Начало
2124;10;"Мъжки тениски"
2124;2;Начало
2125;10;"Мъжки тениски"
2125;2;Начало
2126;10;"Мъжки тениски"
2126;2;Начало
2127;10;"Мъжки тениски"
2127;2;Начало
2128;10;"Мъжки тениски"
2128;2;Начало
2129;10;"Мъжки тениски"
2129;2;Начало
2130;10;"Мъжки тениски"
2130;2;Начало
2130;33;НОВО
2131;10;"Мъжки тениски"
2131;2;Начало
2132;10;"Мъжки тениски"
2132;2;Начало
2132;33;НОВО
2133;10;"Мъжки тениски"
2133;2;Начало
2134;10;"Мъжки тениски"
2134;2;Начало
2135;10;"Мъжки тениски"
2135;2;Начало
2136;10;"Мъжки тениски"
2136;2;Начало
2137;10;"Мъжки тениски"
2137;2;Начало
2138;10;"Мъжки тениски"
2138;2;Начало
2139;10;"Мъжки тениски"
2139;2;Начало
2140;10;"Мъжки тениски"
2140;2;Начало
2141;10;"Мъжки тениски"
2141;2;Начало
2142;10;"Мъжки тениски"
2142;2;Начало
2143;10;"Мъжки тениски"
2143;2;Начало
2144;10;"Мъжки тениски"
2144;2;Начало
2145;10;"Мъжки тениски"
2145;2;Начало
2146;10;"Мъжки тениски"
2146;2;Начало
2147;10;"Мъжки тениски"
2147;2;Начало
2148;10;"Мъжки тениски"
2148;2;Начало
2149;10;"Мъжки тениски"
2149;2;Начало
2150;10;"Мъжки тениски"
2150;2;Начало
2151;10;"Мъжки тениски"
2151;2;Начало
2152;10;"Мъжки тениски"
2152;2;Начало
2153;10;"Мъжки тениски"
2153;2;Начало
2154;10;"Мъжки тениски"
2154;2;Начало
2155;10;"Мъжки тениски"
2155;2;Начало
2156;10;"Мъжки тениски"
2156;2;Начало
2157;10;"Мъжки тениски"
2157;2;Начало
2158;10;"Мъжки тениски"
2158;2;Начало
2159;10;"Мъжки тениски"
2159;2;Начало
2160;10;"Мъжки тениски"
2160;2;Начало
2161;10;"Мъжки тениски"
2161;2;Начало
2162;10;"Мъжки тениски"
2162;2;Начало
2163;10;"Мъжки тениски"
2163;2;Начало
2164;10;"Мъжки тениски"
2164;2;Начало
2165;10;"Мъжки тениски"
2165;2;Начало
2166;10;"Мъжки тениски"
2166;2;Начало
2167;10;"Мъжки тениски"
2167;2;Начало
2168;10;"Мъжки тениски"
2168;2;Начало
2168;33;НОВО
2169;10;"Мъжки тениски"
2169;2;Начало
2170;10;"Мъжки тениски"
2170;2;Начало
2171;10;"Мъжки тениски"
2171;2;Начало
2172;10;"Мъжки тениски"
2172;2;Начало
2173;10;"Мъжки тениски"
2173;2;Начало
2174;10;"Мъжки тениски"
2174;2;Начало
2175;10;"Мъжки тениски"
2175;2;Начало
2176;10;"Мъжки тениски"
2176;2;Начало
2177;10;"Мъжки тениски"
2177;2;Начало
2178;10;"Мъжки тениски"
2178;2;Начало
2179;10;"Мъжки тениски"
2179;2;Начало
2180;10;"Мъжки тениски"
2180;2;Начало
2181;10;"Мъжки тениски"
2181;2;Начало
2182;10;"Мъжки тениски"
2182;2;Начало
2183;10;"Мъжки тениски"
2183;2;Начало
2183;33;НОВО
2184;10;"Мъжки тениски"
2184;2;Начало
2185;10;"Мъжки тениски"
2185;2;Начало
2186;12;"Мъжки якета"
2186;2;Начало
2186;13;Пролетни
2187;12;"Мъжки якета"
2187;2;Начало
2187;13;Пролетни
2188;12;"Мъжки якета"
2188;2;Начало
2188;33;НОВО
2188;13;Пролетни
2189;12;"Мъжки якета"
2189;2;Начало
2189;13;Пролетни
2190;12;"Мъжки якета"
2190;2;Начало
2190;33;НОВО
2190;13;Пролетни
2191;12;"Мъжки якета"
2191;2;Начало
2191;13;Пролетни
2192;12;"Мъжки якета"
2192;2;Начало
2192;13;Пролетни
2193;12;"Мъжки якета"
2193;2;Начало
2193;13;Пролетни
2194;10;"Мъжки тениски"
2194;2;Начало
2194;11;"Тениски с яка"
2195;10;"Мъжки тениски"
2195;2;Начало
2195;11;"Тениски с яка"
2196;10;"Мъжки тениски"
2196;2;Начало
2196;33;НОВО
2196;11;"Тениски с яка"
2197;10;"Мъжки тениски"
2197;2;Начало
2197;33;НОВО
2197;11;"Тениски с яка"
2198;10;"Мъжки тениски"
2198;2;Начало
2198;33;НОВО
2198;11;"Тениски с яка"
2199;10;"Мъжки тениски"
2199;2;Начало
2199;11;"Тениски с яка"
2200;10;"Мъжки тениски"
2200;2;Начало
2200;11;"Тениски с яка"
2201;10;"Мъжки тениски"
2201;2;Начало
2201;11;"Тениски с яка"
2202;10;"Мъжки тениски"
2202;2;Начало
2202;11;"Тениски с яка"
2203;10;"Мъжки тениски"
2203;2;Начало
2203;33;НОВО
2203;11;"Тениски с яка"
2204;10;"Мъжки тениски"
2204;2;Начало
2204;33;НОВО
2204;11;"Тениски с яка"
2205;10;"Мъжки тениски"
2205;2;Начало
2205;33;НОВО
2205;11;"Тениски с яка"
2206;10;"Мъжки тениски"
2206;2;Начало
2206;11;"Тениски с яка"
2207;10;"Мъжки тениски"
2207;2;Начало
2207;11;"Тениски с яка"
2208;10;"Мъжки тениски"
2208;2;Начало
2208;11;"Тениски с яка"
2209;10;"Мъжки тениски"
2209;2;Начало
2209;33;НОВО
2209;11;"Тениски с яка"
2210;10;"Мъжки тениски"
2210;2;Начало
2210;11;"Тениски с яка"
2211;10;"Мъжки тениски"
2211;2;Начало
2211;11;"Тениски с яка"
2212;10;"Мъжки тениски"
2212;2;Начало
2212;11;"Тениски с яка"
2213;10;"Мъжки тениски"
2213;2;Начало
2213;11;"Тениски с яка"
2214;10;"Мъжки тениски"
2214;2;Начало
2214;11;"Тениски с яка"
2215;10;"Мъжки тениски"
2215;2;Начало
2215;11;"Тениски с яка"
2216;10;"Мъжки тениски"
2216;2;Начало
2216;11;"Тениски с яка"
2217;10;"Мъжки тениски"
2217;2;Начало
2217;11;"Тениски с яка"
2218;10;"Мъжки тениски"
2218;2;Начало
2218;11;"Тениски с яка"
2219;10;"Мъжки тениски"
2219;2;Начало
2219;11;"Тениски с яка"
2220;10;"Мъжки тениски"
2220;2;Начало
2220;11;"Тениски с яка"
2221;10;"Мъжки тениски"
2221;2;Начало
2221;11;"Тениски с яка"
2222;10;"Мъжки тениски"
2222;2;Начало
2222;11;"Тениски с яка"
2223;10;"Мъжки тениски"
2223;2;Начало
2223;11;"Тениски с яка"
2224;10;"Мъжки тениски"
2224;2;Начало
2224;11;"Тениски с яка"
2225;10;"Мъжки тениски"
2225;2;Начало
2225;11;"Тениски с яка"
2226;10;"Мъжки тениски"
2226;2;Начало
2226;33;НОВО
2226;11;"Тениски с яка"
2227;10;"Мъжки тениски"
2227;2;Начало
2227;11;"Тениски с яка"
2228;10;"Мъжки тениски"
2228;2;Начало
2228;11;"Тениски с яка"
2229;10;"Мъжки тениски"
2229;2;Начало
2229;11;"Тениски с яка"
2230;10;"Мъжки тениски"
2230;2;Начало
2230;33;НОВО
2230;11;"Тениски с яка"
2231;10;"Мъжки тениски"
2231;2;Начало
2231;11;"Тениски с яка"
2233;10;"Мъжки тениски"
2233;2;Начало
2233;11;"Тениски с яка"
2234;10;"Мъжки тениски"
2234;2;Начало
2234;11;"Тениски с яка"
2235;10;"Мъжки тениски"
2235;2;Начало
2236;10;"Мъжки тениски"
2236;2;Начало
2237;10;"Мъжки тениски"
2237;2;Начало
2238;10;"Мъжки тениски"
2238;2;Начало
2239;10;"Мъжки тениски"
2239;2;Начало
2240;10;"Мъжки тениски"
2240;2;Начало
2241;10;"Мъжки тениски"
2241;2;Начало
2242;10;"Мъжки тениски"
2242;2;Начало
2243;10;"Мъжки тениски"
2243;2;Начало
2244;10;"Мъжки тениски"
2244;2;Начало
2245;10;"Мъжки тениски"
2245;2;Начало
2246;10;"Мъжки тениски"
2246;2;Начало
2247;15;"Мъжки дънки и панталони"
2247;2;Начало
2248;15;"Мъжки дънки и панталони"
2248;2;Начало
2249;15;"Мъжки дънки и панталони"
2249;2;Начало
2250;15;"Мъжки дънки и панталони"
2250;2;Начало
2251;12;"Мъжки якета"
2251;2;Начало
2251;13;Пролетни
2252;12;"Мъжки якета"
2252;2;Начало
2252;13;Пролетни
2253;12;"Мъжки якета"
2253;2;Начало
2253;13;Пролетни
2254;12;"Мъжки якета"
2254;2;Начало
2254;13;Пролетни
2255;12;"Мъжки якета"
2255;2;Начало
2255;33;НОВО
2255;13;Пролетни
2256;12;"Мъжки якета"
2256;2;Начало
2256;13;Пролетни
2257;12;"Мъжки якета"
2257;2;Начало
2257;13;Пролетни
2258;12;"Мъжки якета"
2258;2;Начало
2258;13;Пролетни
2259;24;"Мъжки ризи"
2259;2;Начало
2260;24;"Мъжки ризи"
2260;2;Начало
2261;24;"Мъжки ризи"
2261;2;Начало
2262;24;"Мъжки ризи"
2262;2;Начало
2262;33;НОВО
2263;24;"Мъжки ризи"
2263;2;Начало
2264;24;"Мъжки ризи"
2264;2;Начало
2265;10;"Мъжки тениски"
2265;2;Начало
2266;10;"Мъжки тениски"
2266;2;Начало
2266;33;НОВО
2267;10;"Мъжки тениски"
2267;2;Начало
2267;33;НОВО
2268;10;"Мъжки тениски"
2268;2;Начало
2269;10;"Мъжки тениски"
2269;2;Начало
2270;10;"Мъжки тениски"
2270;2;Начало
2271;10;"Мъжки тениски"
2271;2;Начало
2272;10;"Мъжки тениски"
2272;2;Начало
2273;10;"Мъжки тениски"
2273;2;Начало
2274;10;"Мъжки тениски"
2274;2;Начало
2275;10;"Мъжки тениски"
2275;2;Начало
2276;10;"Мъжки тениски"
2276;2;Начало
2277;10;"Мъжки тениски"
2277;2;Начало
2278;10;"Мъжки тениски"
2278;2;Начало
2279;10;"Мъжки тениски"
2279;2;Начало
2280;10;"Мъжки тениски"
2280;2;Начало
2281;10;"Мъжки тениски"
2281;2;Начало
2282;10;"Мъжки тениски"
2282;2;Начало
2283;10;"Мъжки тениски"
2283;2;Начало
2284;10;"Мъжки тениски"
2284;2;Начало
2284;11;"Тениски с яка"
2285;10;"Мъжки тениски"
2285;2;Начало
2285;33;НОВО
2285;11;"Тениски с яка"
2286;10;"Мъжки тениски"
2286;2;Начало
2286;11;"Тениски с яка"
2288;10;"Мъжки тениски"
2288;2;Начало
2288;33;НОВО
2288;11;"Тениски с яка"
2289;10;"Мъжки тениски"
2289;2;Начало
2289;11;"Тениски с яка"
2290;10;"Мъжки тениски"
2290;2;Начало
2290;33;НОВО
2290;11;"Тениски с яка"
2291;10;"Мъжки тениски"
2291;2;Начало
2291;11;"Тениски с яка"
2292;12;"Мъжки якета"
2292;2;Начало
2292;13;Пролетни
2293;12;"Мъжки якета"
2293;2;Начало
2293;13;Пролетни
2294;10;"Мъжки тениски"
2294;2;Начало
2295;10;"Мъжки тениски"
2295;2;Начало
2296;10;"Мъжки тениски"
2296;2;Начало
2296;33;НОВО
2297;10;"Мъжки тениски"
2297;2;Начало
2297;33;НОВО
2298;10;"Мъжки тениски"
2298;2;Начало
2299;10;"Мъжки тениски"
2299;2;Начало
2300;10;"Мъжки тениски"
2300;2;Начало
2300;33;НОВО
2301;10;"Мъжки тениски"
2301;2;Начало
2302;10;"Мъжки тениски"
2302;2;Начало
2303;10;"Мъжки тениски"
2303;2;Начало
2303;33;НОВО
2304;10;"Мъжки тениски"
2304;2;Начало
2305;10;"Мъжки тениски"
2305;2;Начало
2306;10;"Мъжки тениски"
2306;2;Начало
2306;33;НОВО
2307;10;"Мъжки тениски"
2307;2;Начало
2307;33;НОВО
2308;10;"Мъжки тениски"
2308;2;Начало
2309;10;"Мъжки тениски"
2309;2;Начало
2310;10;"Мъжки тениски"
2310;2;Начало
2311;10;"Мъжки тениски"
2311;2;Начало
2312;10;"Мъжки тениски"
2312;2;Начало
2313;10;"Мъжки тениски"
2313;2;Начало
2314;39;Бански
2314;2;Начало
2315;39;Бански
2315;2;Начало
2316;39;Бански
2316;2;Начало
2317;39;Бански
2317;2;Начало
2318;39;Бански
2318;2;Начало
2319;39;Бански
2319;2;Начало
2320;39;Бански
2320;2;Начало
2321;39;Бански
2321;2;Начало
2322;39;Бански
2322;2;Начало
2323;39;Бански
2323;2;Начало
2324;39;Бански
2324;2;Начало
2325;39;Бански
2325;2;Начало
2326;39;Бански
2326;2;Начало
2327;39;Бански
2327;2;Начало
2328;39;Бански
2328;2;Начало
2329;39;Бански
2329;2;Начало
2330;39;Бански
2330;2;Начало
2331;39;Бански
2331;2;Начало
2332;39;Бански
2332;2;Начало
2333;10;"Мъжки тениски"
2333;2;Начало
2333;11;"Тениски с яка"
2334;17;"Къси панталони"
2334;15;"Мъжки дънки и панталони"
2334;2;Начало
2335;17;"Къси панталони"
2335;15;"Мъжки дънки и панталони"
2335;2;Начало
2336;17;"Къси панталони"
2336;15;"Мъжки дънки и панталони"
2336;2;Начало
2337;42;Комплекти
2337;2;Начало
2338;42;Комплекти
2338;2;Начало
2339;42;Комплекти
2339;2;Начало
2340;42;Комплекти
2340;2;Начало
2341;42;Комплекти
2341;2;Начало
2343;42;Комплекти
2343;2;Начало
2344;10;"Мъжки тениски"
2344;2;Начало
2344;11;"Тениски с яка"
2345;10;"Мъжки тениски"
2345;2;Начало
2345;33;НОВО
2345;11;"Тениски с яка"
2346;10;"Мъжки тениски"
2346;2;Начало
2346;11;"Тениски с яка"
2347;10;"Мъжки тениски"
2347;2;Начало
2347;11;"Тениски с яка"
2348;10;"Мъжки тениски"
2348;2;Начало
2348;11;"Тениски с яка"
2349;10;"Мъжки тениски"
2349;2;Начало
2349;11;"Тениски с яка"
2350;10;"Мъжки тениски"
2350;2;Начало
2350;11;"Тениски с яка"
2351;10;"Мъжки тениски"
2351;2;Начало
2351;11;"Тениски с яка"
2352;10;"Мъжки тениски"
2352;2;Начало
2352;11;"Тениски с яка"
2353;24;"Мъжки ризи"
2353;2;Начало
2354;24;"Мъжки ризи"
2354;2;Начало
2355;42;Комплекти
2355;2;Начало
2356;42;Комплекти
2356;2;Начало
2357;42;Комплекти
2357;2;Начало
2357;33;НОВО
2358;42;Комплекти
2358;2;Начало
2359;42;Комплекти
2359;2;Начало
2360;42;Комплекти
2360;2;Начало
2361;42;Комплекти
2361;2;Начало
2361;33;НОВО
2362;42;Комплекти
2362;2;Начало
2362;33;НОВО
2363;42;Комплекти
2363;2;Начало
2363;33;НОВО
2364;42;Комплекти
2364;2;Начало
2365;16;"Къси дънки"
2365;15;"Мъжки дънки и панталони"
2365;2;Начало
2366;16;"Къси дънки"
2366;15;"Мъжки дънки и панталони"
2366;2;Начало
2367;16;"Къси дънки"
2367;15;"Мъжки дънки и панталони"
2367;2;Начало
2368;16;"Къси дънки"
2368;15;"Мъжки дънки и панталони"
2368;2;Начало
2370;10;"Мъжки тениски"
2370;2;Начало
2371;10;"Мъжки тениски"
2371;2;Начало
2372;10;"Мъжки тениски"
2372;2;Начало
2373;10;"Мъжки тениски"
2373;2;Начало
2374;10;"Мъжки тениски"
2374;2;Начало
2375;39;Бански
2375;2;Начало
2375;33;НОВО
2376;39;Бански
2376;2;Начало
2377;39;Бански
2377;2;Начало
2378;39;Бански
2378;2;Начало
2379;39;Бански
2379;2;Начало
2380;39;Бански
2380;2;Начало
2381;39;Бански
2381;2;Начало
2382;39;Бански
2382;2;Начало
2383;39;Бански
2383;2;Начало
2384;39;Бански
2384;2;Начало
2385;39;Бански
2385;2;Начало
2386;10;"Мъжки тениски"
2386;2;Начало
2386;33;НОВО
2386;11;"Тениски с яка"
2387;10;"Мъжки тениски"
2387;2;Начало
2387;33;НОВО
2387;11;"Тениски с яка"
2388;10;"Мъжки тениски"
2388;2;Начало
2388;11;"Тениски с яка"
2389;10;"Мъжки тениски"
2389;2;Начало
2389;33;НОВО
2389;11;"Тениски с яка"
2390;10;"Мъжки тениски"
2390;2;Начало
2390;33;НОВО
2390;11;"Тениски с яка"
2391;10;"Мъжки тениски"
2391;2;Начало
2391;33;НОВО
2391;11;"Тениски с яка"
2392;10;"Мъжки тениски"
2392;2;Начало
2392;33;НОВО
2392;11;"Тениски с яка"
2394;10;"Мъжки тениски"
2394;2;Начало
2395;10;"Мъжки тениски"
2395;2;Начало
2396;10;"Мъжки тениски"
2396;2;Начало
2396;33;НОВО
2397;10;"Мъжки тениски"
2397;2;Начало
2398;10;"Мъжки тениски"
2398;2;Начало
2399;10;"Мъжки тениски"
2399;2;Начало
2400;10;"Мъжки тениски"
2400;2;Начало
2401;10;"Мъжки тениски"
2401;2;Начало
2402;10;"Мъжки тениски"
2402;2;Начало
2403;10;"Мъжки тениски"
2403;2;Начало
2404;10;"Мъжки тениски"
2404;2;Начало
2405;39;Бански
2405;2;Начало
2406;39;Бански
2406;2;Начало
2407;39;Бански
2407;2;Начало
2408;39;Бански
2408;2;Начало
2409;39;Бански
2409;2;Начало
2410;39;Бански
2410;2;Начало
2412;39;Бански
2412;2;Начало
2414;39;Бански
2414;2;Начало
2415;39;Бански
2415;2;Начало
2416;39;Бански
2416;2;Начало
2417;39;Бански
2417;2;Начало
2418;10;"Мъжки тениски"
2418;2;Начало
2419;10;"Мъжки тениски"
2419;2;Начало
2420;10;"Мъжки тениски"
2420;2;Начало
2421;10;"Мъжки тениски"
2421;2;Начало
2422;10;"Мъжки тениски"
2422;2;Начало
2423;10;"Мъжки тениски"
2423;2;Начало
2424;10;"Мъжки тениски"
2424;2;Начало
2425;10;"Мъжки тениски"
2425;2;Начало
2426;10;"Мъжки тениски"
2426;2;Начало
2427;10;"Мъжки тениски"
2427;2;Начало
2428;10;"Мъжки тениски"
2428;2;Начало
2429;39;Бански
2429;2;Начало
2430;39;Бански
2430;2;Начало
2431;39;Бански
2431;2;Начало
2432;39;Бански
2432;2;Начало
2433;39;Бански
2433;2;Начало
2434;39;Бански
2434;2;Начало
2435;39;Бански
2435;2;Начало
2436;39;Бански
2436;2;Начало
2437;39;Бански
2437;2;Начало
2438;39;Бански
2438;2;Начало
2439;39;Бански
2439;2;Начало
2440;39;Бански
2440;2;Начало
2441;39;Бански
2441;2;Начало
2442;10;"Мъжки тениски"
2442;2;Начало
2442;11;"Тениски с яка"
2443;10;"Мъжки тениски"
2443;2;Начало
2443;11;"Тениски с яка"
2444;10;"Мъжки тениски"
2444;2;Начало
2444;33;НОВО
2444;11;"Тениски с яка"
2445;10;"Мъжки тениски"
2445;2;Начало
2446;10;"Мъжки тениски"
2446;2;Начало
2446;33;НОВО
2447;10;"Мъжки тениски"
2447;2;Начало
2448;10;"Мъжки тениски"
2448;2;Начало
2449;10;"Мъжки тениски"
2449;2;Начало
2450;10;"Мъжки тениски"
2450;2;Начало
2451;10;"Мъжки тениски"
2451;2;Начало
2452;10;"Мъжки тениски"
2452;2;Начало
2453;10;"Мъжки тениски"
2453;2;Начало
2454;10;"Мъжки тениски"
2454;2;Начало
2455;10;"Мъжки тениски"
2455;2;Начало
2456;10;"Мъжки тениски"
2456;2;Начало
2457;10;"Мъжки тениски"
2457;2;Начало
2458;10;"Мъжки тениски"
2458;2;Начало
2459;10;"Мъжки тениски"
2459;2;Начало
2460;10;"Мъжки тениски"
2460;2;Начало
2461;10;"Мъжки тениски"
2461;2;Начало
2462;10;"Мъжки тениски"
2462;2;Начало
2463;12;"Мъжки якета"
2463;2;Начало
2463;13;Пролетни
2464;12;"Мъжки якета"
2464;2;Начало
2464;13;Пролетни
2465;12;"Мъжки якета"
2465;2;Начало
2465;13;Пролетни
2466;12;"Мъжки якета"
2466;2;Начало
2466;13;Пролетни
2467;12;"Мъжки якета"
2467;2;Начало
2467;13;Пролетни
2468;12;"Мъжки якета"
2468;2;Начало
2468;13;Пролетни
2469;12;"Мъжки якета"
2469;2;Начало
2469;13;Пролетни
2470;12;"Мъжки якета"
2470;2;Начало
2470;33;НОВО
2470;13;Пролетни
2471;22;"Мъжки блузи"
2471;2;Начало
2471;33;НОВО
2472;22;"Мъжки блузи"
2472;2;Начало
2473;22;"Мъжки блузи"
2473;2;Начало
2474;22;"Мъжки блузи"
2474;2;Начало
2475;22;"Мъжки блузи"
2475;2;Начало
2476;22;"Мъжки блузи"
2476;2;Начало
2477;22;"Мъжки блузи"
2477;2;Начало
2478;22;"Мъжки блузи"
2478;2;Начало
2479;22;"Мъжки блузи"
2479;2;Начало
2480;22;"Мъжки блузи"
2480;2;Начало
2481;22;"Мъжки блузи"
2481;2;Начало
2482;22;"Мъжки блузи"
2482;2;Начало
2483;22;"Мъжки блузи"
2483;2;Начало
2484;22;"Мъжки блузи"
2484;2;Начало
2485;22;"Мъжки блузи"
2485;2;Начало
2486;22;"Мъжки блузи"
2486;2;Начало
2487;22;"Мъжки блузи"
2487;2;Начало
2488;22;"Мъжки блузи"
2488;2;Начало
2489;22;"Мъжки блузи"
2489;2;Начало
2490;22;"Мъжки блузи"
2490;2;Начало
2491;22;"Мъжки блузи"
2491;2;Начало
2492;22;"Мъжки блузи"
2492;2;Начало
2494;22;"Мъжки блузи"
2494;2;Начало
2495;22;"Мъжки блузи"
2495;2;Начало
2496;22;"Мъжки блузи"
2496;2;Начало
2497;22;"Мъжки блузи"
2497;2;Начало
2498;22;"Мъжки блузи"
2498;2;Начало
2499;22;"Мъжки блузи"
2499;2;Начало
2500;19;Екипи
2500;18;"Мъжки екипи"
2500;2;Начало
2501;22;"Мъжки блузи"
2501;2;Начало
2503;22;"Мъжки блузи"
2503;2;Начало
2503;33;НОВО
2504;22;"Мъжки блузи"
2504;2;Начало
2505;22;"Мъжки блузи"
2505;2;Начало
2506;22;"Мъжки блузи"
2506;2;Начало
2506;23;Пуловери
2507;22;"Мъжки блузи"
2507;2;Начало
2507;23;Пуловери
2508;22;"Мъжки блузи"
2508;2;Начало
2508;23;Пуловери
2509;22;"Мъжки блузи"
2509;2;Начало
2509;23;Пуловери
2510;22;"Мъжки блузи"
2510;2;Начало
2510;23;Пуловери
2511;22;"Мъжки блузи"
2511;2;Начало
2511;23;Пуловери
2512;18;"Мъжки екипи"
2512;2;Начало
2512;20;Суичери
2513;10;"Мъжки тениски"
2513;2;Начало
2514;10;"Мъжки тениски"
2514;2;Начало
2515;10;"Мъжки тениски"
2515;2;Начало
2516;10;"Мъжки тениски"
2516;2;Начало
2517;10;"Мъжки тениски"
2517;2;Начало
2518;10;"Мъжки тениски"
2518;2;Начало
2518;11;"Тениски с яка"
2519;10;"Мъжки тениски"
2519;2;Начало
2519;11;"Тениски с яка"
2520;10;"Мъжки тениски"
2520;2;Начало
2521;10;"Мъжки тениски"
2521;2;Начало
2522;10;"Мъжки тениски"
2522;2;Начало
2523;10;"Мъжки тениски"
2523;2;Начало
2524;12;"Мъжки якета"
2524;2;Начало
2524;13;Пролетни
2525;24;"Мъжки ризи"
2525;2;Начало
2526;24;"Мъжки ризи"
2526;2;Начало
2527;12;"Мъжки якета"
2527;2;Начало
2527;33;НОВО
2527;13;Пролетни
2528;12;"Мъжки якета"
2528;2;Начало
2528;13;Пролетни
2529;10;"Мъжки тениски"
2529;2;Начало
2530;10;"Мъжки тениски"
2530;2;Начало
2530;33;НОВО
2531;10;"Мъжки тениски"
2531;2;Начало
2532;22;"Мъжки блузи"
2532;2;Начало
2533;22;"Мъжки блузи"
2533;2;Начало
2534;22;"Мъжки блузи"
2534;2;Начало
2535;22;"Мъжки блузи"
2535;2;Начало
2536;24;"Мъжки ризи"
2536;2;Начало
2537;24;"Мъжки ризи"
2537;2;Начало
2537;33;НОВО
2538;24;"Мъжки ризи"
2538;2;Начало
2539;24;"Мъжки ризи"
2539;2;Начало
2540;24;"Мъжки ризи"
2540;2;Начало
2540;33;НОВО
2541;24;"Мъжки ризи"
2541;2;Начало
2542;24;"Мъжки ризи"
2542;2;Начало
2543;24;"Мъжки ризи"
2543;2;Начало
2544;22;"Мъжки блузи"
2544;2;Начало
2545;22;"Мъжки блузи"
2545;2;Начало
2546;22;"Мъжки блузи"
2546;2;Начало
2547;22;"Мъжки блузи"
2547;2;Начало
2548;22;"Мъжки блузи"
2548;2;Начало
2549;22;"Мъжки блузи"
2549;2;Начало
2550;22;"Мъжки блузи"
2550;2;Начало
2551;22;"Мъжки блузи"
2551;2;Начало
2552;22;"Мъжки блузи"
2552;2;Начало
2553;22;"Мъжки блузи"
2553;2;Начало
2553;33;НОВО
2554;22;"Мъжки блузи"
2554;2;Начало
2555;22;"Мъжки блузи"
2555;2;Начало
2556;22;"Мъжки блузи"
2556;2;Начало
2557;22;"Мъжки блузи"
2557;2;Начало
2559;22;"Мъжки блузи"
2559;2;Начало
2560;22;"Мъжки блузи"
2560;2;Начало
2561;14;Есенно-зимни
2561;12;"Мъжки якета"
2561;2;Начало
2561;33;НОВО
2562;14;Есенно-зимни
2562;12;"Мъжки якета"
2562;2;Начало
2563;14;Есенно-зимни
2563;12;"Мъжки якета"
2563;2;Начало
2563;33;НОВО
2564;22;"Мъжки блузи"
2564;2;Начало
2564;23;Пуловери
2565;22;"Мъжки блузи"
2565;2;Начало
2565;23;Пуловери
2566;22;"Мъжки блузи"
2566;2;Начало
2566;23;Пуловери
2567;22;"Мъжки блузи"
2567;2;Начало
2567;33;НОВО
2567;23;Пуловери
2568;22;"Мъжки блузи"
2568;2;Начало
2568;23;Пуловери
2569;22;"Мъжки блузи"
2569;2;Начало
2569;23;Пуловери
2571;14;Есенно-зимни
2571;12;"Мъжки якета"
2571;2;Начало
2572;14;Есенно-зимни
2572;12;"Мъжки якета"
2572;2;Начало
2573;14;Есенно-зимни
2573;12;"Мъжки якета"
2573;2;Начало
2574;14;Есенно-зимни
2574;12;"Мъжки якета"
2574;2;Начало
2575;14;Есенно-зимни
2575;12;"Мъжки якета"
2575;2;Начало
2576;22;"Мъжки блузи"
2576;2;Начало
2576;40;Худи
2577;22;"Мъжки блузи"
2577;2;Начало
2577;40;Худи
2578;22;"Мъжки блузи"
2578;2;Начало
2578;40;Худи
2579;22;"Мъжки блузи"
2579;2;Начало
2580;22;"Мъжки блузи"
2580;2;Начало
2581;24;"Мъжки ризи"
2581;2;Начало
2582;24;"Мъжки ризи"
2582;2;Начало
2583;24;"Мъжки ризи"
2583;2;Начало
2585;24;"Мъжки ризи"
2585;2;Начало
2586;24;"Мъжки ризи"
2586;2;Начало
2587;24;"Мъжки ризи"
2587;2;Начало
2588;24;"Мъжки ризи"
2588;2;Начало
2589;24;"Мъжки ризи"
2589;2;Начало
2590;24;"Мъжки ризи"
2590;2;Начало
2591;24;"Мъжки ризи"
2591;2;Начало
2592;22;"Мъжки блузи"
2592;2;Начало
2592;23;Пуловери
2593;22;"Мъжки блузи"
2593;2;Начало
2593;23;Пуловери
2595;22;"Мъжки блузи"
2595;2;Начало
2595;23;Пуловери
2596;22;"Мъжки блузи"
2596;2;Начало
2596;23;Пуловери
2597;22;"Мъжки блузи"
2597;2;Начало
2597;23;Пуловери
2598;22;"Мъжки блузи"
2598;2;Начало
2598;23;Пуловери
2599;22;"Мъжки блузи"
2599;2;Начало
2600;10;"Мъжки тениски"
2600;2;Начало
2601;10;"Мъжки тениски"
2601;2;Начало
2602;10;"Мъжки тениски"
2602;2;Начало
2603;10;"Мъжки тениски"
2603;2;Начало
2604;10;"Мъжки тениски"
2604;2;Начало
2605;10;"Мъжки тениски"
2605;2;Начало
2606;10;"Мъжки тениски"
2606;2;Начало
2607;10;"Мъжки тениски"
2607;2;Начало
2608;10;"Мъжки тениски"
2608;2;Начало
2609;10;"Мъжки тениски"
2609;2;Начало
2610;10;"Мъжки тениски"
2610;2;Начало
2611;10;"Мъжки тениски"
2611;2;Начало
2612;10;"Мъжки тениски"
2612;2;Начало
2613;10;"Мъжки тениски"
2613;2;Начало
2613;33;НОВО
2614;10;"Мъжки тениски"
2614;2;Начало
2615;10;"Мъжки тениски"
2615;2;Начало
2616;10;"Мъжки тениски"
2616;2;Начало
2616;33;НОВО
2617;10;"Мъжки тениски"
2617;2;Начало
2618;10;"Мъжки тениски"
2618;2;Начало
2619;10;"Мъжки тениски"
2619;2;Начало
2620;10;"Мъжки тениски"
2620;2;Начало
2620;33;НОВО
2621;10;"Мъжки тениски"
2621;2;Начало
2622;10;"Мъжки тениски"
2622;2;Начало
2623;10;"Мъжки тениски"
2623;2;Начало
2624;10;"Мъжки тениски"
2624;2;Начало
2626;10;"Мъжки тениски"
2626;2;Начало
2627;10;"Мъжки тениски"
2627;2;Начало
2627;33;НОВО
2627;11;"Тениски с яка"
2628;10;"Мъжки тениски"
2628;2;Начало
2628;33;НОВО
2628;11;"Тениски с яка"
2629;10;"Мъжки тениски"
2629;2;Начало
2629;33;НОВО
2629;11;"Тениски с яка"
2630;24;"Мъжки ризи"
2630;2;Начало
2631;10;"Мъжки тениски"
2631;2;Начало
2632;10;"Мъжки тениски"
2632;2;Начало
2633;10;"Мъжки тениски"
2633;2;Начало
2634;10;"Мъжки тениски"
2634;2;Начало
2634;33;НОВО
2635;10;"Мъжки тениски"
2635;2;Начало
2636;10;"Мъжки тениски"
2636;2;Начало
2637;10;"Мъжки тениски"
2637;2;Начало
2638;10;"Мъжки тениски"
2638;2;Начало
2638;33;НОВО
2639;10;"Мъжки тениски"
2639;2;Начало
2639;33;НОВО
2640;10;"Мъжки тениски"
2640;2;Начало
2641;10;"Мъжки тениски"
2641;2;Начало
2642;10;"Мъжки тениски"
2642;2;Начало
2643;10;"Мъжки тениски"
2643;2;Начало
2643;33;НОВО
2644;10;"Мъжки тениски"
2644;2;Начало
2645;10;"Мъжки тениски"
2645;2;Начало
2645;33;НОВО
2646;10;"Мъжки тениски"
2646;2;Начало
2647;10;"Мъжки тениски"
2647;2;Начало
2649;10;"Мъжки тениски"
2649;2;Начало
2650;10;"Мъжки тениски"
2650;2;Начало
2651;10;"Мъжки тениски"
2651;2;Начало
2652;10;"Мъжки тениски"
2652;2;Начало
2653;10;"Мъжки тениски"
2653;2;Начало
2654;10;"Мъжки тениски"
2654;2;Начало
2655;10;"Мъжки тениски"
2655;2;Начало
2655;33;НОВО
2656;10;"Мъжки тениски"
2656;2;Начало
2656;33;НОВО
2657;10;"Мъжки тениски"
2657;2;Начало
2658;10;"Мъжки тениски"
2658;2;Начало
2658;33;НОВО
2659;10;"Мъжки тениски"
2659;2;Начало
2660;10;"Мъжки тениски"
2660;2;Начало
2660;33;НОВО
2661;10;"Мъжки тениски"
2661;2;Начало
2662;10;"Мъжки тениски"
2662;2;Начало
2663;10;"Мъжки тениски"
2663;2;Начало
2664;10;"Мъжки тениски"
2664;2;Начало
2664;33;НОВО
2665;10;"Мъжки тениски"
2665;2;Начало
2665;33;НОВО
2666;10;"Мъжки тениски"
2666;2;Начало
2666;33;НОВО
2667;10;"Мъжки тениски"
2667;2;Начало
2667;33;НОВО
2668;10;"Мъжки тениски"
2668;2;Начало
2668;33;НОВО
2669;10;"Мъжки тениски"
2669;2;Начало
2670;10;"Мъжки тениски"
2670;2;Начало
2670;33;НОВО
2670;11;"Тениски с яка"
2671;24;"Мъжки ризи"
2671;2;Начало
2672;24;"Мъжки ризи"
2672;2;Начало
2672;33;НОВО
2673;12;"Мъжки якета"
2673;2;Начало
2673;33;НОВО
2673;13;Пролетни
2674;12;"Мъжки якета"
2674;2;Начало
2674;13;Пролетни
2675;12;"Мъжки якета"
2675;2;Начало
2675;13;Пролетни
2676;12;"Мъжки якета"
2676;2;Начало
2676;13;Пролетни
2677;12;"Мъжки якета"
2677;2;Начало
2677;13;Пролетни
2678;10;"Мъжки тениски"
2678;2;Начало
2679;10;"Мъжки тениски"
2679;2;Начало
2680;10;"Мъжки тениски"
2680;2;Начало
2680;33;НОВО
2681;10;"Мъжки тениски"
2681;2;Начало
2681;33;НОВО
2682;12;"Мъжки якета"
2682;2;Начало
2682;13;Пролетни
2683;10;"Мъжки тениски"
2683;2;Начало
2684;10;"Мъжки тениски"
2684;2;Начало
2685;10;"Мъжки тениски"
2685;2;Начало
2685;11;"Тениски с яка"
2686;10;"Мъжки тениски"
2686;2;Начало
2686;11;"Тениски с яка"
2687;10;"Мъжки тениски"
2687;2;Начало
2687;33;НОВО
2687;11;"Тениски с яка"
2688;10;"Мъжки тениски"
2688;2;Начало
2688;33;НОВО
2688;11;"Тениски с яка"
2689;10;"Мъжки тениски"
2689;2;Начало
2689;11;"Тениски с яка"
2690;10;"Мъжки тениски"
2690;2;Начало
2690;33;НОВО
2690;11;"Тениски с яка"
2691;10;"Мъжки тениски"
2691;2;Начало
2691;11;"Тениски с яка"
2692;12;"Мъжки якета"
2692;2;Начало
2692;33;НОВО
2692;13;Пролетни
2693;12;"Мъжки якета"
2693;2;Начало
2693;33;НОВО
2693;13;Пролетни
2694;12;"Мъжки якета"
2694;2;Начало
2694;33;НОВО
2694;13;Пролетни
2696;12;"Мъжки якета"
2696;2;Начало
2696;33;НОВО
2696;13;Пролетни
2697;12;"Мъжки якета"
2697;2;Начало
2697;33;НОВО
2697;13;Пролетни
2698;10;"Мъжки тениски"
2698;2;Начало
2699;10;"Мъжки тениски"
2699;2;Начало
2699;11;"Тениски с яка"
2700;10;"Мъжки тениски"
2700;2;Начало
2700;11;"Тениски с яка"
2701;10;"Мъжки тениски"
2701;2;Начало
2701;11;"Тениски с яка"
2702;12;"Мъжки якета"
2702;2;Начало
2702;33;НОВО
2702;13;Пролетни
2703;12;"Мъжки якета"
2703;2;Начало
2703;33;НОВО
2703;13;Пролетни
2704;12;"Мъжки якета"
2704;2;Начало
2704;13;Пролетни
2705;10;"Мъжки тениски"
2705;2;Начало
2706;10;"Мъжки тениски"
2706;2;Начало
2707;10;"Мъжки тениски"
2707;2;Начало
2708;10;"Мъжки тениски"
2708;2;Начало
2708;33;НОВО
2709;10;"Мъжки тениски"
2709;2;Начало
2709;33;НОВО
2710;10;"Мъжки тениски"
2710;2;Начало
2711;10;"Мъжки тениски"
2711;2;Начало
2711;33;НОВО
2712;10;"Мъжки тениски"
2712;2;Начало
2713;10;"Мъжки тениски"
2713;2;Начало
2714;10;"Мъжки тениски"
2714;2;Начало
2715;10;"Мъжки тениски"
2715;2;Начало
2716;10;"Мъжки тениски"
2716;2;Начало
2717;10;"Мъжки тениски"
2717;2;Начало
2718;10;"Мъжки тениски"
2718;2;Начало
2718;33;НОВО
2719;10;"Мъжки тениски"
2719;2;Начало
2719;33;НОВО
2720;10;"Мъжки тениски"
2720;2;Начало
2721;10;"Мъжки тениски"
2721;2;Начало
2722;10;"Мъжки тениски"
2722;2;Начало
2722;33;НОВО
2723;10;"Мъжки тениски"
2723;2;Начало
2724;10;"Мъжки тениски"
2724;2;Начало
2724;33;НОВО
2725;10;"Мъжки тениски"
2725;2;Начало
2726;10;"Мъжки тениски"
2726;2;Начало
2726;33;НОВО
2727;10;"Мъжки тениски"
2727;2;Начало
2728;10;"Мъжки тениски"
2728;2;Начало
2729;10;"Мъжки тениски"
2729;2;Начало
2729;33;НОВО
2730;10;"Мъжки тениски"
2730;2;Начало
2730;33;НОВО
2731;10;"Мъжки тениски"
2731;2;Начало
2732;10;"Мъжки тениски"
2732;2;Начало
2733;10;"Мъжки тениски"
2733;2;Начало
2734;24;"Мъжки ризи"
2734;2;Начало
2735;24;"Мъжки ризи"
2735;2;Начало
2735;33;НОВО
2736;24;"Мъжки ризи"
2736;2;Начало
2736;33;НОВО
2737;24;"Мъжки ризи"
2737;2;Начало
2737;33;НОВО
2738;24;"Мъжки ризи"
2738;2;Начало
2738;33;НОВО
2739;24;"Мъжки ризи"
2739;2;Начало
2739;33;НОВО
2740;24;"Мъжки ризи"
2740;2;Начало
2740;33;НОВО
2741;10;"Мъжки тениски"
2741;2;Начало
2741;33;НОВО
2742;10;"Мъжки тениски"
2742;2;Начало
2743;10;"Мъжки тениски"
2743;2;Начало
2743;33;НОВО
2744;10;"Мъжки тениски"
2744;2;Начало
2745;10;"Мъжки тениски"
2745;2;Начало
2746;10;"Мъжки тениски"
2746;2;Начало
2746;33;НОВО
2747;10;"Мъжки тениски"
2747;2;Начало
2748;10;"Мъжки тениски"
2748;2;Начало
2749;10;"Мъжки тениски"
2749;2;Начало
2750;10;"Мъжки тениски"
2750;2;Начало
2751;10;"Мъжки тениски"
2751;2;Начало
2752;10;"Мъжки тениски"
2752;2;Начало
2753;10;"Мъжки тениски"
2753;2;Начало
2753;33;НОВО
2754;10;"Мъжки тениски"
2754;2;Начало
2754;33;НОВО
2756;10;"Мъжки тениски"
2756;2;Начало
2756;33;НОВО
2757;10;"Мъжки тениски"
2757;2;Начало
2758;10;"Мъжки тениски"
2758;2;Начало
2758;33;НОВО
2759;10;"Мъжки тениски"
2759;2;Начало
2760;10;"Мъжки тениски"
2760;2;Начало
2760;33;НОВО
2761;10;"Мъжки тениски"
2761;2;Начало
2761;33;НОВО
2762;42;Комплекти
2762;2;Начало
2763;42;Комплекти
2763;2;Начало
2764;42;Комплекти
2764;2;Начало
2765;10;"Мъжки тениски"
2765;2;Начало
2765;33;НОВО
2766;10;"Мъжки тениски"
2766;2;Начало
2766;33;НОВО
2767;10;"Мъжки тениски"
2767;2;Начало
2767;33;НОВО
2768;10;"Мъжки тениски"
2768;2;Начало
2768;33;НОВО
2769;10;"Мъжки тениски"
2769;2;Начало
2769;33;НОВО
2770;10;"Мъжки тениски"
2770;2;Начало
2770;33;НОВО
2771;10;"Мъжки тениски"
2771;2;Начало
2771;33;НОВО
2772;10;"Мъжки тениски"
2772;2;Начало
2772;33;НОВО
2773;10;"Мъжки тениски"
2773;2;Начало
2773;33;НОВО
2774;42;Комплекти
2774;2;Начало
2774;33;НОВО
2775;42;Комплекти
2775;2;Начало
2775;33;НОВО
2776;10;"Мъжки тениски"
2776;2;Начало
2776;33;НОВО
2777;10;"Мъжки тениски"
2777;2;Начало
2777;33;НОВО
2778;10;"Мъжки тениски"
2778;2;Начало
2779;10;"Мъжки тениски"
2779;2;Начало
2779;33;НОВО
2780;10;"Мъжки тениски"
2780;2;Начало
2780;33;НОВО
2781;10;"Мъжки тениски"
2781;2;Начало
2781;33;НОВО
2782;39;Бански
2782;2;Начало
2783;39;Бански
2783;2;Начало
2783;33;НОВО
2784;39;Бански
2784;2;Начало
2784;33;НОВО
2785;39;Бански
2785;2;Начало
2785;33;НОВО
2786;39;Бански
2786;2;Начало
2786;33;НОВО
2787;39;Бански
2787;2;Начало
2788;39;Бански
2788;2;Начало
2788;33;НОВО
2789;39;Бански
2789;2;Начало
2789;33;НОВО
2790;39;Бански
2790;2;Начало
2791;39;Бански
2791;2;Начало
2791;33;НОВО
2792;39;Бански
2792;2;Начало
2792;33;НОВО
2793;39;Бански
2793;2;Начало
2794;39;Бански
2794;2;Начало
2794;33;НОВО
2795;39;Бански
2795;2;Начало
2795;33;НОВО
2796;39;Бански
2796;2;Начало
2796;33;НОВО
2797;42;Комплекти
2797;2;Начало
2797;33;НОВО
2798;42;Комплекти
2798;2;Начало
2798;33;НОВО
2799;42;Комплекти
2799;2;Начало
2799;33;НОВО
2800;42;Комплекти
2800;2;Начало
2800;33;НОВО
2801;42;Комплекти
2801;2;Начало
2801;33;НОВО
2802;42;Комплекти
2802;2;Начало
2803;42;Комплекти
2803;2;Начало
2803;33;НОВО
2804;42;Комплекти
2804;2;Начало
2804;33;НОВО
2805;10;"Мъжки тениски"
2805;2;Начало
2805;33;НОВО
2806;10;"Мъжки тениски"
2806;2;Начало
2806;33;НОВО
2807;17;"Къси панталони"
2807;15;"Мъжки дънки и панталони"
2807;2;Начало
2807;33;НОВО
2808;17;"Къси панталони"
2808;15;"Мъжки дънки и панталони"
2808;2;Начало
2809;17;"Къси панталони"
2809;15;"Мъжки дънки и панталони"
2809;2;Начало
2809;33;НОВО
2810;17;"Къси панталони"
2810;15;"Мъжки дънки и панталони"
2810;2;Начало
2810;33;НОВО
2811;39;Бански
2811;2;Начало
2811;33;НОВО
2812;39;Бански
2812;2;Начало
2812;33;НОВО
2813;39;Бански
2813;2;Начало
2814;39;Бански
2814;2;Начало
2814;33;НОВО
2815;39;Бански
2815;2;Начало
2816;39;Бански
2816;2;Начало
2817;39;Бански
2817;2;Начало
2817;33;НОВО
2818;39;Бански
2818;2;Начало
2818;33;НОВО
2819;39;Бански
2819;2;Начало
2819;33;НОВО
2820;39;Бански
2820;2;Начало
2820;33;НОВО
2821;10;"Мъжки тениски"
2821;2;Начало
2821;33;НОВО
2822;10;"Мъжки тениски"
2822;2;Начало
2822;33;НОВО
2823;16;"Къси дънки"
2823;15;"Мъжки дънки и панталони"
2823;2;Начало
2824;16;"Къси дънки"
2824;15;"Мъжки дънки и панталони"
2824;2;Начало
2825;16;"Къси дънки"
2825;15;"Мъжки дънки и панталони"
2825;2;Начало
2826;16;"Къси дънки"
2826;15;"Мъжки дънки и панталони"
2826;2;Начало
2827;16;"Къси дънки"
2827;15;"Мъжки дънки и панталони"
2827;2;Начало
2827;33;НОВО
2828;16;"Къси дънки"
2828;15;"Мъжки дънки и панталони"
2828;2;Начало
2828;33;НОВО
2829;16;"Къси дънки"
2829;15;"Мъжки дънки и панталони"
2829;2;Начало
2829;33;НОВО
2830;39;Бански
2830;2;Начало
2830;33;НОВО
2831;39;Бански
2831;2;Начало
2831;33;НОВО
2832;39;Бански
2832;2;Начало
2833;39;Бански
2833;2;Начало
2835;39;Бански
2835;2;Начало
2835;33;НОВО
2836;39;Бански
2836;2;Начало
2836;33;НОВО
2837;39;Бански
2837;2;Начало
2837;33;НОВО
2838;39;Бански
2838;2;Начало
2839;39;Бански
2839;2;Начало
2839;33;НОВО
2841;39;Бански
2841;2;Начало
2842;39;Бански
2842;2;Начало
2842;33;НОВО
2843;39;Бански
2843;2;Начало
2843;33;НОВО
2845;39;Бански
2845;2;Начало
2845;33;НОВО
2846;39;Бански
2846;2;Начало
2846;33;НОВО
2847;39;Бански
2847;2;Начало
2847;33;НОВО
2848;39;Бански
2848;2;Начало
2848;33;НОВО
2849;39;Бански
2849;2;Начало
2849;33;НОВО
2850;39;Бански
2850;2;Начало
2850;33;НОВО
2851;39;Бански
2851;2;Начало
2852;39;Бански
2852;2;Начало
2852;33;НОВО
2853;39;Бански
2853;2;Начало
2853;33;НОВО
2857;10;"Мъжки тениски"
2857;2;Начало
2857;33;НОВО
2858;10;"Мъжки тениски"
2858;2;Начало
2858;33;НОВО
2859;10;"Мъжки тениски"
2859;2;Начало
2859;33;НОВО
2860;10;"Мъжки тениски"
2860;2;Начало
2860;33;НОВО
2861;10;"Мъжки тениски"
2861;2;Начало
2861;33;НОВО
2862;10;"Мъжки тениски"
2862;2;Начало
2862;33;НОВО
2864;10;"Мъжки тениски"
2864;2;Начало
2864;33;НОВО
2866;10;"Мъжки тениски"
2866;2;Начало
2866;33;НОВО
2867;10;"Мъжки тениски"
2867;2;Начало
2867;33;НОВО
2868;10;"Мъжки тениски"
2868;2;Начало
2868;33;НОВО
2869;10;"Мъжки тениски"
2869;2;Начало
2869;33;НОВО
2870;10;"Мъжки тениски"
2870;2;Начало
2870;33;НОВО
2871;10;"Мъжки тениски"
2871;2;Начало
2871;33;НОВО
2872;10;"Мъжки тениски"
2872;2;Начало
2872;33;НОВО
2873;10;"Мъжки тениски"
2873;2;Начало
2873;33;НОВО
2874;10;"Мъжки тениски"
2874;2;Начало
2874;33;НОВО
2875;10;"Мъжки тениски"
2875;2;Начало
2875;33;НОВО
2876;10;"Мъжки тениски"
2876;2;Начало
2876;33;НОВО
2877;10;"Мъжки тениски"
2877;2;Начало
2877;33;НОВО
2878;10;"Мъжки тениски"
2878;2;Начало
2878;33;НОВО
2879;10;"Мъжки тениски"
2879;2;Начало
2879;33;НОВО
2881;10;"Мъжки тениски"
2881;2;Начало
2881;33;НОВО
2882;10;"Мъжки тениски"
2882;2;Начало
2882;33;НОВО
2883;10;"Мъжки тениски"
2883;2;Начало
2883;33;НОВО
2884;10;"Мъжки тениски"
2884;2;Начало
2885;10;"Мъжки тениски"
2885;2;Начало
2885;33;НОВО
2886;10;"Мъжки тениски"
2886;2;Начало
2887;10;"Мъжки тениски"
2887;2;Начало
2887;33;НОВО
2888;10;"Мъжки тениски"
2888;2;Начало
2888;33;НОВО
2889;10;"Мъжки тениски"
2889;2;Начало
2889;33;НОВО
2890;10;"Мъжки тениски"
2890;2;Начало
2890;33;НОВО
2891;10;"Мъжки тениски"
2891;2;Начало
2892;2;Начало
2893;10;"Мъжки тениски"
2893;2;Начало
2893;33;НОВО
2894;10;"Мъжки тениски"
2894;2;Начало
2894;33;НОВО
2895;10;"Мъжки тениски"
2895;2;Начало
2895;33;НОВО
2896;10;"Мъжки тениски"
2896;2;Начало
2896;33;НОВО
2897;10;"Мъжки тениски"
2897;2;Начало
2897;33;НОВО
2898;10;"Мъжки тениски"
2898;2;Начало
2898;33;НОВО
